USE MexFlix;

INSERT INTO Info_Bancaria (
        INFOBANC_Caducidad,
        INFOBANC_NombrePropietario,
        INFOBANC_CVV,
        INFOBANC_NumTarjeta
    )
VALUES (
        '2025-12-31',
        'Juan Perez',
        123,
        1234567812345678
    );
INSERT INTO Info_Bancaria (
        INFOBANC_Caducidad,
        INFOBANC_NombrePropietario,
        INFOBANC_CVV,
        INFOBANC_NumTarjeta
    )
VALUES (
        '2023-11-30',
        'Maria Garcia',
        456,
        8765432187654321
    );
INSERT INTO Info_Bancaria (
        INFOBANC_Caducidad,
        INFOBANC_NombrePropietario,
        INFOBANC_CVV,
        INFOBANC_NumTarjeta
    )
VALUES (
        '2024-10-29',
        'Carlos Sanchez',
        789,
        1111222233334444
    );
INSERT INTO Info_Bancaria (
        INFOBANC_Caducidad,
        INFOBANC_NombrePropietario,
        INFOBANC_CVV,
        INFOBANC_NumTarjeta
    )
VALUES (
        '2026-09-28',
        'Laura Martinez',
        321,
        5555666677778888
    );
INSERT INTO Info_Bancaria (
        INFOBANC_Caducidad,
        INFOBANC_NombrePropietario,
        INFOBANC_CVV,
        INFOBANC_NumTarjeta
    )
VALUES ('2027-08-27', 'Ana Lopez', 654, 9999000011112222);
INSERT INTO Info_Bancaria (
        INFOBANC_Caducidad,
        INFOBANC_NombrePropietario,
        INFOBANC_CVV,
        INFOBANC_NumTarjeta
    )
VALUES (
        '2023-07-26',
        'Luis Hernandez',
        987,
        3333444455556666
    );
INSERT INTO Info_Bancaria (
        INFOBANC_Caducidad,
        INFOBANC_NombrePropietario,
        INFOBANC_CVV,
        INFOBANC_NumTarjeta
    )
VALUES (
        '2024-06-25',
        'Marta Rodriguez',
        111,
        7777888899990000
    );
INSERT INTO Info_Bancaria (
        INFOBANC_Caducidad,
        INFOBANC_NombrePropietario,
        INFOBANC_CVV,
        INFOBANC_NumTarjeta
    )
VALUES (
        '2025-05-24',
        'Pedro Gonzalez',
        222,
        2222333344445555
    );
INSERT INTO Info_Bancaria (
        INFOBANC_Caducidad,
        INFOBANC_NombrePropietario,
        INFOBANC_CVV,
        INFOBANC_NumTarjeta
    )
VALUES (
        '2026-04-23',
        'Claudia Diaz',
        333,
        6666777788889999
    );
INSERT INTO Info_Bancaria (
        INFOBANC_Caducidad,
        INFOBANC_NombrePropietario,
        INFOBANC_CVV,
        INFOBANC_NumTarjeta
    )
VALUES (
        '2027-03-22',
        'Ricardo Ramirez',
        444,
        0000111122223333
    );
INSERT INTO Info_Bancaria (
        INFOBANC_Caducidad,
        INFOBANC_NombrePropietario,
        INFOBANC_CVV,
        INFOBANC_NumTarjeta
    )
VALUES (
        '2023-02-21',
        'Sofia Fernandez',
        555,
        4444555566667777
    );
INSERT INTO Info_Bancaria (
        INFOBANC_Caducidad,
        INFOBANC_NombrePropietario,
        INFOBANC_CVV,
        INFOBANC_NumTarjeta
    )
VALUES (
        '2024-01-20',
        'Javier Morales',
        666,
        8888999900001111
    );
INSERT INTO Info_Bancaria (
        INFOBANC_Caducidad,
        INFOBANC_NombrePropietario,
        INFOBANC_CVV,
        INFOBANC_NumTarjeta
    )
VALUES (
        '2025-12-19',
        'Raquel Cruz',
        777,
        1111222233334444
    );
INSERT INTO Info_Bancaria (
        INFOBANC_Caducidad,
        INFOBANC_NombrePropietario,
        INFOBANC_CVV,
        INFOBANC_NumTarjeta
    )
VALUES (
        '2026-11-18',
        'Manuel Ortiz',
        888,
        5555666677778888
    );
INSERT INTO Info_Bancaria (
        INFOBANC_Caducidad,
        INFOBANC_NombrePropietario,
        INFOBANC_CVV,
        INFOBANC_NumTarjeta
    )
VALUES (
        '2027-10-17',
        'Patricia Gomez',
        999,
        9999000011112222
    );
INSERT INTO Info_Bancaria (
        INFOBANC_Caducidad,
        INFOBANC_NombrePropietario,
        INFOBANC_CVV,
        INFOBANC_NumTarjeta
    )
VALUES (
        '2023-09-16',
        'David Ruiz',
        101,
        3333444455556666
    );
INSERT INTO Info_Bancaria (
        INFOBANC_Caducidad,
        INFOBANC_NombrePropietario,
        INFOBANC_CVV,
        INFOBANC_NumTarjeta
    )
VALUES (
        '2024-08-15',
        'Lucia Gutierrez',
        202,
        7777888899990000
    );
INSERT INTO Info_Bancaria (
        INFOBANC_Caducidad,
        INFOBANC_NombrePropietario,
        INFOBANC_CVV,
        INFOBANC_NumTarjeta
    )
VALUES (
        '2025-07-14',
        'Jose Torres',
        303,
        2222333344445555
    );
INSERT INTO Info_Bancaria (
        INFOBANC_Caducidad,
        INFOBANC_NombrePropietario,
        INFOBANC_CVV,
        INFOBANC_NumTarjeta
    )
VALUES (
        '2026-06-13',
        'Elena Flores',
        404,
        6666777788889999
    );
INSERT INTO Info_Bancaria (
        INFOBANC_Caducidad,
        INFOBANC_NombrePropietario,
        INFOBANC_CVV,
        INFOBANC_NumTarjeta
    )
VALUES (
        '2027-05-12',
        'Fernando Jimenez',
        505,
        0000111122223333
    );
INSERT INTO Info_Bancaria (
        INFOBANC_Caducidad,
        INFOBANC_NombrePropietario,
        INFOBANC_CVV,
        INFOBANC_NumTarjeta
    )
VALUES (
        '2023-04-11',
        'Gabriela Perea',
        606,
        4444555566667777
    );
INSERT INTO Info_Bancaria (
        INFOBANC_Caducidad,
        INFOBANC_NombrePropietario,
        INFOBANC_CVV,
        INFOBANC_NumTarjeta
    )
VALUES (
        '2024-03-10',
        'Hector Castro',
        707,
        8888999900001111
    );
INSERT INTO Info_Bancaria (
        INFOBANC_Caducidad,
        INFOBANC_NombrePropietario,
        INFOBANC_CVV,
        INFOBANC_NumTarjeta
    )
VALUES (
        '2025-02-09',
        'Isabel Vega',
        808,
        1111222233334444
    );
INSERT INTO Info_Bancaria (
        INFOBANC_Caducidad,
        INFOBANC_NombrePropietario,
        INFOBANC_CVV,
        INFOBANC_NumTarjeta
    )
VALUES (
        '2026-01-08',
        'Carlos Rivera',
        909,
        5555666677778888
    );
INSERT INTO Info_Bancaria (
        INFOBANC_Caducidad,
        INFOBANC_NombrePropietario,
        INFOBANC_CVV,
        INFOBANC_NumTarjeta
    )
VALUES (
        '2027-12-07',
        'Laura Silva',
        100,
        9999000011112222
    );
INSERT INTO Info_Bancaria (
        INFOBANC_Caducidad,
        INFOBANC_NombrePropietario,
        INFOBANC_CVV,
        INFOBANC_NumTarjeta
    )
VALUES (
        '2023-11-06',
        'Luis Romero',
        200,
        3333444455556666
    );
INSERT INTO Info_Bancaria (
        INFOBANC_Caducidad,
        INFOBANC_NombrePropietario,
        INFOBANC_CVV,
        INFOBANC_NumTarjeta
    )
VALUES (
        '2024-10-05',
        'Monica Soto',
        300,
        7777888899990000
    );
INSERT INTO Info_Bancaria (
        INFOBANC_Caducidad,
        INFOBANC_NombrePropietario,
        INFOBANC_CVV,
        INFOBANC_NumTarjeta
    )
VALUES (
        '2025-09-04',
        'Pedro Rios',
        400,
        2222333344445555
    );
INSERT INTO Info_Bancaria (
        INFOBANC_Caducidad,
        INFOBANC_NombrePropietario,
        INFOBANC_CVV,
        INFOBANC_NumTarjeta
    )
VALUES (
        '2026-08-03',
        'Sara Mendoza',
        500,
        6666777788889999
    );
INSERT INTO Info_Bancaria (
        INFOBANC_Caducidad,
        INFOBANC_NombrePropietario,
        INFOBANC_CVV,
        INFOBANC_NumTarjeta
    )
VALUES (
        '2027-07-02',
        'Ramon Vargas',
        600,
        0000111122223333
    );
INSERT INTO Info_Bancaria (
        INFOBANC_Caducidad,
        INFOBANC_NombrePropietario,
        INFOBANC_CVV,
        INFOBANC_NumTarjeta
    )
VALUES (
        '2023-06-01',
        'Beatriz Cabrera',
        700,
        4444555566667777
    );
INSERT INTO Info_Bancaria (
        INFOBANC_Caducidad,
        INFOBANC_NombrePropietario,
        INFOBANC_CVV,
        INFOBANC_NumTarjeta
    )
VALUES (
        '2024-05-30',
        'Esteban Lopez',
        800,
        8888999900001111
    );
INSERT INTO Info_Bancaria (
        INFOBANC_Caducidad,
        INFOBANC_NombrePropietario,
        INFOBANC_CVV,
        INFOBANC_NumTarjeta
    )
VALUES (
        '2025-04-29',
        'Diana Herrera',
        900,
        1111222233334444
    );
INSERT INTO Info_Bancaria (
        INFOBANC_Caducidad,
        INFOBANC_NombrePropietario,
        INFOBANC_CVV,
        INFOBANC_NumTarjeta
    )
VALUES (
        '2026-03-28',
        'Victor Navarro',
        101,
        5555666677778888
    );
INSERT INTO Info_Bancaria (
        INFOBANC_Caducidad,
        INFOBANC_NombrePropietario,
        INFOBANC_CVV,
        INFOBANC_NumTarjeta
    )
VALUES (
        '2027-02-27',
        'Alba Aguilar',
        202,
        9999000011112222
    );
INSERT INTO Info_Bancaria (
        INFOBANC_Caducidad,
        INFOBANC_NombrePropietario,
        INFOBANC_CVV,
        INFOBANC_NumTarjeta
    )
VALUES (
        '2023-01-26',
        'Mario Serrano',
        303,
        3333444455556666
    );
INSERT INTO Info_Bancaria (
        INFOBANC_Caducidad,
        INFOBANC_NombrePropietario,
        INFOBANC_CVV,
        INFOBANC_NumTarjeta
    )
VALUES ('2024-12-25', 'Eva Peña', 404, 7777888899990000);
INSERT INTO Info_Bancaria (
        INFOBANC_Caducidad,
        INFOBANC_NombrePropietario,
        INFOBANC_CVV,
        INFOBANC_NumTarjeta
    )
VALUES (
        '2025-11-24',
        'Pablo Lorenzo',
        505,
        2222333344445555
    );
INSERT INTO Info_Bancaria (
        INFOBANC_Caducidad,
        INFOBANC_NombrePropietario,
        INFOBANC_CVV,
        INFOBANC_NumTarjeta
    )
VALUES (
        '2026-10-23',
        'Angela Espinoza',
        606,
        6666777788889999
    );
INSERT INTO Info_Bancaria (
        INFOBANC_Caducidad,
        INFOBANC_NombrePropietario,
        INFOBANC_CVV,
        INFOBANC_NumTarjeta
    )
VALUES (
        '2027-09-22',
        'Cristina Marquez',
        707,
        0000111122223333
    );
INSERT INTO Info_Bancaria (
        INFOBANC_Caducidad,
        INFOBANC_NombrePropietario,
        INFOBANC_CVV,
        INFOBANC_NumTarjeta
    )
VALUES (
        '2023-08-21',
        'Oscar Fuentes',
        808,
        4444555566667777
    );
INSERT INTO Info_Bancaria (
        INFOBANC_Caducidad,
        INFOBANC_NombrePropietario,
        INFOBANC_CVV,
        INFOBANC_NumTarjeta
    )
VALUES (
        '2024-07-20',
        'Gloria Tapia',
        909,
        8888999900001111
    );
INSERT INTO Info_Bancaria (
        INFOBANC_Caducidad,
        INFOBANC_NombrePropietario,
        INFOBANC_CVV,
        INFOBANC_NumTarjeta
    )
VALUES (
        '2025-06-19',
        'Jorge Estrada',
        100,
        1111222233334444
    );
INSERT INTO Info_Bancaria (
        INFOBANC_Caducidad,
        INFOBANC_NombrePropietario,
        INFOBANC_CVV,
        INFOBANC_NumTarjeta
    )
VALUES (
        '2026-05-18',
        'Teresa Valdez',
        200,
        5555666677778888
    );
INSERT INTO Info_Bancaria (
        INFOBANC_Caducidad,
        INFOBANC_NombrePropietario,
        INFOBANC_CVV,
        INFOBANC_NumTarjeta
    )
VALUES (
        '2027-04-17',
        'Miguel Paredes',
        300,
        9999000011112222
    );
INSERT INTO Info_Bancaria (
        INFOBANC_Caducidad,
        INFOBANC_NombrePropietario,
        INFOBANC_CVV,
        INFOBANC_NumTarjeta
    )
VALUES (
        '2023-03-16',
        'Rosa Galindo',
        400,
        3333444455556666
    );
INSERT INTO Info_Bancaria (
        INFOBANC_Caducidad,
        INFOBANC_NombrePropietario,
        INFOBANC_CVV,
        INFOBANC_NumTarjeta
    )
VALUES (
        '2024-02-15',
        'Ignacio Ortega',
        500,
        7777888899990000
    );
INSERT INTO Info_Bancaria (
        INFOBANC_Caducidad,
        INFOBANC_NombrePropietario,
        INFOBANC_CVV,
        INFOBANC_NumTarjeta
    )
VALUES (
        '2025-01-14',
        'Alicia Bravo',
        600,
        2222333344445555
    );
INSERT INTO Info_Bancaria (
        INFOBANC_Caducidad,
        INFOBANC_NombrePropietario,
        INFOBANC_CVV,
        INFOBANC_NumTarjeta
    )
VALUES (
        '2026-12-13',
        'Felipe Moreno',
        700,
        6666777788889999
    );
INSERT INTO Info_Bancaria (
        INFOBANC_Caducidad,
        INFOBANC_NombrePropietario,
        INFOBANC_CVV,
        INFOBANC_NumTarjeta
    )
VALUES (
        '2026-10-16',
        'Felipe Carrillo',
        340,
        7777888899990000
    );
INSERT INTO Usuario (
        Id_InfoBancaria,
        USR_Password,
        USR_Correo,
        USR_Apellido,
        USR_Nombre
    )
VALUES (
        1,
        'pass123',
        'juan.perez@example.com',
        'Perez',
        'Juan'
    );
INSERT INTO Usuario (
        Id_InfoBancaria,
        USR_Password,
        USR_Correo,
        USR_Apellido,
        USR_Nombre
    )
VALUES (
        2,
        'pass456',
        'maria.garcia@example.com',
        'Garcia',
        'Maria'
    );
INSERT INTO Usuario (
        Id_InfoBancaria,
        USR_Password,
        USR_Correo,
        USR_Apellido,
        USR_Nombre
    )
VALUES (
        3,
        'pass789',
        'carlos.sanchez@example.com',
        'Sanchez',
        'Carlos'
    );
INSERT INTO Usuario (
        Id_InfoBancaria,
        USR_Password,
        USR_Correo,
        USR_Apellido,
        USR_Nombre
    )
VALUES (
        4,
        'pass321',
        'laura.martinez@example.com',
        'Martinez',
        'Laura'
    );
INSERT INTO Usuario (
        Id_InfoBancaria,
        USR_Password,
        USR_Correo,
        USR_Apellido,
        USR_Nombre
    )
VALUES (
        5,
        'pass654',
        'ana.lopez@example.com',
        'Lopez',
        'Ana'
    );
INSERT INTO Usuario (
        Id_InfoBancaria,
        USR_Password,
        USR_Correo,
        USR_Apellido,
        USR_Nombre
    )
VALUES (
        6,
        'pass987',
        'luis.hernandez@example.com',
        'Hernandez',
        'Luis'
    );
INSERT INTO Usuario (
        Id_InfoBancaria,
        USR_Password,
        USR_Correo,
        USR_Apellido,
        USR_Nombre
    )
VALUES (
        7,
        'pass111',
        'marta.rodriguez@example.com',
        'Rodriguez',
        'Marta'
    );
INSERT INTO Usuario (
        Id_InfoBancaria,
        USR_Password,
        USR_Correo,
        USR_Apellido,
        USR_Nombre
    )
VALUES (
        8,
        'pass222',
        'pedro.gonzalez@example.com',
        'Gonzalez',
        'Pedro'
    );
INSERT INTO Usuario (
        Id_InfoBancaria,
        USR_Password,
        USR_Correo,
        USR_Apellido,
        USR_Nombre
    )
VALUES (
        9,
        'pass333',
        'claudia.diaz@example.com',
        'Diaz',
        'Claudia'
    );
INSERT INTO Usuario (
        Id_InfoBancaria,
        USR_Password,
        USR_Correo,
        USR_Apellido,
        USR_Nombre
    )
VALUES (
        10,
        'pass444',
        'ricardo.ramirez@example.com',
        'Ramirez',
        'Ricardo'
    );
INSERT INTO Usuario (
        Id_InfoBancaria,
        USR_Password,
        USR_Correo,
        USR_Apellido,
        USR_Nombre
    )
VALUES (
        11,
        'pass555',
        'sofia.fernandez@example.com',
        'Fernandez',
        'Sofia'
    );
INSERT INTO Usuario (
        Id_InfoBancaria,
        USR_Password,
        USR_Correo,
        USR_Apellido,
        USR_Nombre
    )
VALUES (
        12,
        'pass666',
        'javier.morales@example.com',
        'Morales',
        'Javier'
    );
INSERT INTO Usuario (
        Id_InfoBancaria,
        USR_Password,
        USR_Correo,
        USR_Apellido,
        USR_Nombre
    )
VALUES (
        13,
        'pass777',
        'raquel.cruz@example.com',
        'Cruz',
        'Raquel'
    );
INSERT INTO Usuario (
        Id_InfoBancaria,
        USR_Password,
        USR_Correo,
        USR_Apellido,
        USR_Nombre
    )
VALUES (
        14,
        'pass888',
        'manuel.ortiz@example.com',
        'Ortiz',
        'Manuel'
    );
INSERT INTO Usuario (
        Id_InfoBancaria,
        USR_Password,
        USR_Correo,
        USR_Apellido,
        USR_Nombre
    )
VALUES (
        15,
        'pass999',
        'patricia.gomez@example.com',
        'Gomez',
        'Patricia'
    );
INSERT INTO Usuario (
        Id_InfoBancaria,
        USR_Password,
        USR_Correo,
        USR_Apellido,
        USR_Nombre
    )
VALUES (
        16,
        'pass101',
        'david.ruiz@example.com',
        'Ruiz',
        'David'
    );
INSERT INTO Usuario (
        Id_InfoBancaria,
        USR_Password,
        USR_Correo,
        USR_Apellido,
        USR_Nombre
    )
VALUES (
        17,
        'pass202',
        'lucia.gutierrez@example.com',
        'Gutierrez',
        'Lucia'
    );
INSERT INTO Usuario (
        Id_InfoBancaria,
        USR_Password,
        USR_Correo,
        USR_Apellido,
        USR_Nombre
    )
VALUES (
        18,
        'pass303',
        'jose.torres@example.com',
        'Torres',
        'Jose'
    );
INSERT INTO Usuario (
        Id_InfoBancaria,
        USR_Password,
        USR_Correo,
        USR_Apellido,
        USR_Nombre
    )
VALUES (
        19,
        'pass404',
        'elena.flores@example.com',
        'Flores',
        'Elena'
    );
INSERT INTO Usuario (
        Id_InfoBancaria,
        USR_Password,
        USR_Correo,
        USR_Apellido,
        USR_Nombre
    )
VALUES (
        20,
        'pass505',
        'fernando.jimenez@example.com',
        'Jimenez',
        'Fernando'
    );
INSERT INTO Usuario (
        Id_InfoBancaria,
        USR_Password,
        USR_Correo,
        USR_Apellido,
        USR_Nombre
    )
VALUES (
        21,
        'pass606',
        'gabriela.perea@example.com',
        'Perea',
        'Gabriela'
    );
INSERT INTO Usuario (
        Id_InfoBancaria,
        USR_Password,
        USR_Correo,
        USR_Apellido,
        USR_Nombre
    )
VALUES (
        22,
        'pass707',
        'hector.castro@example.com',
        'Castro',
        'Hector'
    );
INSERT INTO Usuario (
        Id_InfoBancaria,
        USR_Password,
        USR_Correo,
        USR_Apellido,
        USR_Nombre
    )
VALUES (
        23,
        'pass808',
        'isabel.vega@example.com',
        'Vega',
        'Isabel'
    );
INSERT INTO Usuario (
        Id_InfoBancaria,
        USR_Password,
        USR_Correo,
        USR_Apellido,
        USR_Nombre
    )
VALUES (
        24,
        'pass909',
        'carlos.rivera@example.com',
        'Rivera',
        'Carlos'
    );
INSERT INTO Usuario (
        Id_InfoBancaria,
        USR_Password,
        USR_Correo,
        USR_Apellido,
        USR_Nombre
    )
VALUES (
        25,
        'pass100',
        'laura.silva@example.com',
        'Silva',
        'Laura'
    );
INSERT INTO Usuario (
        Id_InfoBancaria,
        USR_Password,
        USR_Correo,
        USR_Apellido,
        USR_Nombre
    )
VALUES (
        26,
        'pass200',
        'luis.romero@example.com',
        'Romero',
        'Luis'
    );
INSERT INTO Usuario (
        Id_InfoBancaria,
        USR_Password,
        USR_Correo,
        USR_Apellido,
        USR_Nombre
    )
VALUES (
        27,
        'pass300',
        'monica.soto@example.com',
        'Soto',
        'Monica'
    );
INSERT INTO Usuario (
        Id_InfoBancaria,
        USR_Password,
        USR_Correo,
        USR_Apellido,
        USR_Nombre
    )
VALUES (
        28,
        'pass400',
        'pedro.rios@example.com',
        'Rios',
        'Pedro'
    );
INSERT INTO Usuario (
        Id_InfoBancaria,
        USR_Password,
        USR_Correo,
        USR_Apellido,
        USR_Nombre
    )
VALUES (
        29,
        'pass500',
        'sara.mendoza@example.com',
        'Mendoza',
        'Sara'
    );
INSERT INTO Usuario (
        Id_InfoBancaria,
        USR_Password,
        USR_Correo,
        USR_Apellido,
        USR_Nombre
    )
VALUES (
        30,
        'pass600',
        'ramon.vargas@example.com',
        'Vargas',
        'Ramon'
    );
INSERT INTO Usuario (
        Id_InfoBancaria,
        USR_Password,
        USR_Correo,
        USR_Apellido,
        USR_Nombre
    )
VALUES (
        31,
        'pass700',
        'beatriz.cabrera@example.com',
        'Cabrera',
        'Beatriz'
    );
INSERT INTO Usuario (
        Id_InfoBancaria,
        USR_Password,
        USR_Correo,
        USR_Apellido,
        USR_Nombre
    )
VALUES (
        32,
        'pass800',
        'esteban.lopez@example.com',
        'Lopez',
        'Esteban'
    );
INSERT INTO Usuario (
        Id_InfoBancaria,
        USR_Password,
        USR_Correo,
        USR_Apellido,
        USR_Nombre
    )
VALUES (
        33,
        'pass900',
        'diana.herrera@example.com',
        'Herrera',
        'Diana'
    );
INSERT INTO Usuario (
        Id_InfoBancaria,
        USR_Password,
        USR_Correo,
        USR_Apellido,
        USR_Nombre
    )
VALUES (
        34,
        'pass101',
        'victor.navarro@example.com',
        'Navarro',
        'Victor'
    );
INSERT INTO Usuario (
        Id_InfoBancaria,
        USR_Password,
        USR_Correo,
        USR_Apellido,
        USR_Nombre
    )
VALUES (
        35,
        'pass202',
        'alba.aguilar@example.com',
        'Aguilar',
        'Alba'
    );
INSERT INTO Usuario (
        Id_InfoBancaria,
        USR_Password,
        USR_Correo,
        USR_Apellido,
        USR_Nombre
    )
VALUES (
        36,
        'pass303',
        'mario.serrano@example.com',
        'Serrano',
        'Mario'
    );
INSERT INTO Usuario (
        Id_InfoBancaria,
        USR_Password,
        USR_Correo,
        USR_Apellido,
        USR_Nombre
    )
VALUES (
        37,
        'pass404',
        'eva.pena@example.com',
        'Pena',
        'Eva'
    );
INSERT INTO Usuario (
        Id_InfoBancaria,
        USR_Password,
        USR_Correo,
        USR_Apellido,
        USR_Nombre
    )
VALUES (
        38,
        'pass505',
        'pablo.lorenzo@example.com',
        'Lorenzo',
        'Pablo'
    );
INSERT INTO Usuario (
        Id_InfoBancaria,
        USR_Password,
        USR_Correo,
        USR_Apellido,
        USR_Nombre
    )
VALUES (
        39,
        'pass606',
        'angela.espinoza@example.com',
        'Espinoza',
        'Angela'
    );
INSERT INTO Usuario (
        Id_InfoBancaria,
        USR_Password,
        USR_Correo,
        USR_Apellido,
        USR_Nombre
    )
VALUES (
        40,
        'pass707',
        'cristina.marquez@example.com',
        'Marquez',
        'Cristina'
    );
INSERT INTO Usuario (
        Id_InfoBancaria,
        USR_Password,
        USR_Correo,
        USR_Apellido,
        USR_Nombre
    )
VALUES (
        41,
        'pass808',
        'oscar.fuentes@example.com',
        'Fuentes',
        'Oscar'
    );
INSERT INTO Usuario (
        Id_InfoBancaria,
        USR_Password,
        USR_Correo,
        USR_Apellido,
        USR_Nombre
    )
VALUES (
        42,
        'pass909',
        'gloria.tapia@example.com',
        'Tapia',
        'Gloria'
    );
INSERT INTO Usuario (
        Id_InfoBancaria,
        USR_Password,
        USR_Correo,
        USR_Apellido,
        USR_Nombre
    )
VALUES (
        43,
        'pass100',
        'jorge.estrada@example.com',
        'Estrada',
        'Jorge'
    );
INSERT INTO Usuario (
        Id_InfoBancaria,
        USR_Password,
        USR_Correo,
        USR_Apellido,
        USR_Nombre
    )
VALUES (
        44,
        'pass200',
        'teresa.valdez@example.com',
        'Valdez',
        'Teresa'
    );
INSERT INTO Usuario (
        Id_InfoBancaria,
        USR_Password,
        USR_Correo,
        USR_Apellido,
        USR_Nombre
    )
VALUES (
        45,
        'pass300',
        'miguel.paredes@example.com',
        'Paredes',
        'Miguel'
    );
INSERT INTO Usuario (
        Id_InfoBancaria,
        USR_Password,
        USR_Correo,
        USR_Apellido,
        USR_Nombre
    )
VALUES (
        46,
        'pass400',
        'rosa.galindo@example.com',
        'Galindo',
        'Rosa'
    );
INSERT INTO Usuario (
        Id_InfoBancaria,
        USR_Password,
        USR_Correo,
        USR_Apellido,
        USR_Nombre
    )
VALUES (
        47,
        'pass500',
        'ignacio.ortega@example.com',
        'Ortega',
        'Ignacio'
    );
INSERT INTO Usuario (
        Id_InfoBancaria,
        USR_Password,
        USR_Correo,
        USR_Apellido,
        USR_Nombre
    )
VALUES (
        48,
        'pass600',
        'alicia.bravo@example.com',
        'Bravo',
        'Alicia'
    );
INSERT INTO Usuario (
        Id_InfoBancaria,
        USR_Password,
        USR_Correo,
        USR_Apellido,
        USR_Nombre
    )
VALUES (
        49,
        'pass700',
        'felipe.moreno@example.com',
        'Moreno',
        'Felipe'
    );
INSERT INTO Usuario (
        Id_InfoBancaria,
        USR_Password,
        USR_Correo,
        USR_Apellido,
        USR_Nombre
    )
VALUES (
        50,
        'pass340',
        'felipe.carrillo@example.com',
        'Carrillo',
        'Felipe'
    );
INSERT INTO Perfil (Id_Usuario, PERF_Img, PERF_Nombre)
VALUES (
        1,
        LOAD_FILE(
            '/Users/chrisley/Documents/Development/React/proyecto-final-bd-avanzadas/database/mock/imagenes/image1.jpg'
        ),
        'Perfil Juan Perez'
    );
INSERT INTO Perfil (Id_Usuario, PERF_Img, PERF_Nombre)
VALUES (
        1,
        LOAD_FILE(
            '/Users/chrisley/Documents/Development/React/proyecto-final-bd-avanzadas/database/mock/imagenes/image1_2.jpg'
        ),
        'Perfil Juan Perez 2'
    );
INSERT INTO Perfil (Id_Usuario, PERF_Img, PERF_Nombre)
VALUES (
        2,
        LOAD_FILE(
            '/Users/chrisley/Documents/Development/React/proyecto-final-bd-avanzadas/database/mock/imagenes/image2.jpg'
        ),
        'Perfil Maria Garcia'
    );
INSERT INTO Perfil (Id_Usuario, PERF_Img, PERF_Nombre)
VALUES (
        2,
        LOAD_FILE(
            '/Users/chrisley/Documents/Development/React/proyecto-final-bd-avanzadas/database/mock/imagenes/image2_2.jpg'
        ),
        'Perfil Maria Garcia 2'
    );
INSERT INTO Perfil (Id_Usuario, PERF_Img, PERF_Nombre)
VALUES (
        3,
        LOAD_FILE(
            '/Users/chrisley/Documents/Development/React/proyecto-final-bd-avanzadas/database/mock/imagenes/image3.jpg'
        ),
        'Perfil Carlos Sanchez'
    );
INSERT INTO Perfil (Id_Usuario, PERF_Img, PERF_Nombre)
VALUES (
        3,
        LOAD_FILE(
            '/Users/chrisley/Documents/Development/React/proyecto-final-bd-avanzadas/database/mock/imagenes/image3_2.jpg'
        ),
        'Perfil Carlos Sanchez 2'
    );
INSERT INTO Perfil (Id_Usuario, PERF_Img, PERF_Nombre)
VALUES (
        4,
        LOAD_FILE(
            '/Users/chrisley/Documents/Development/React/proyecto-final-bd-avanzadas/database/mock/imagenes/image4.jpg'
        ),
        'Perfil Laura Martinez'
    );
INSERT INTO Perfil (Id_Usuario, PERF_Img, PERF_Nombre)
VALUES (
        4,
        LOAD_FILE(
            '/Users/chrisley/Documents/Development/React/proyecto-final-bd-avanzadas/database/mock/imagenes/image4_2.jpg'
        ),
        'Perfil Laura Martinez 2'
    );
INSERT INTO Perfil (Id_Usuario, PERF_Img, PERF_Nombre)
VALUES (
        5,
        LOAD_FILE(
            '/Users/chrisley/Documents/Development/React/proyecto-final-bd-avanzadas/database/mock/imagenes/image5.jpg'
        ),
        'Perfil Ana Lopez'
    );
INSERT INTO Perfil (Id_Usuario, PERF_Img, PERF_Nombre)
VALUES (
        5,
        LOAD_FILE(
            '/Users/chrisley/Documents/Development/React/proyecto-final-bd-avanzadas/database/mock/imagenes/image5_2.jpg'
        ),
        'Perfil Ana Lopez 2'
    );
INSERT INTO Perfil (Id_Usuario, PERF_Img, PERF_Nombre)
VALUES (
        6,
        LOAD_FILE(
            '/Users/chrisley/Documents/Development/React/proyecto-final-bd-avanzadas/database/mock/imagenes/image6.jpg'
        ),
        'Perfil Luis Hernandez'
    );
INSERT INTO Perfil (Id_Usuario, PERF_Img, PERF_Nombre)
VALUES (
        6,
        LOAD_FILE(
            '/Users/chrisley/Documents/Development/React/proyecto-final-bd-avanzadas/database/mock/imagenes/image6_2.jpg'
        ),
        'Perfil Luis Hernandez 2'
    );
INSERT INTO Perfil (Id_Usuario, PERF_Img, PERF_Nombre)
VALUES (
        7,
        LOAD_FILE(
            '/Users/chrisley/Documents/Development/React/proyecto-final-bd-avanzadas/database/mock/imagenes/image7.jpg'
        ),
        'Perfil Marta Rodriguez'
    );
INSERT INTO Perfil (Id_Usuario, PERF_Img, PERF_Nombre)
VALUES (
        7,
        LOAD_FILE(
            '/Users/chrisley/Documents/Development/React/proyecto-final-bd-avanzadas/database/mock/imagenes/image7_2.jpg'
        ),
        'Perfil Marta Rodriguez 2'
    );
INSERT INTO Perfil (Id_Usuario, PERF_Img, PERF_Nombre)
VALUES (
        8,
        LOAD_FILE(
            '/Users/chrisley/Documents/Development/React/proyecto-final-bd-avanzadas/database/mock/imagenes/image8.jpg'
        ),
        'Perfil Pedro Gonzalez'
    );
INSERT INTO Perfil (Id_Usuario, PERF_Img, PERF_Nombre)
VALUES (
        8,
        LOAD_FILE(
            '/Users/chrisley/Documents/Development/React/proyecto-final-bd-avanzadas/database/mock/imagenes/image8_2.jpg'
        ),
        'Perfil Pedro Gonzalez 2'
    );
INSERT INTO Perfil (Id_Usuario, PERF_Img, PERF_Nombre)
VALUES (
        9,
        LOAD_FILE(
            '/Users/chrisley/Documents/Development/React/proyecto-final-bd-avanzadas/database/mock/imagenes/image9.jpg'
        ),
        'Perfil Claudia Diaz'
    );
INSERT INTO Perfil (Id_Usuario, PERF_Img, PERF_Nombre)
VALUES (
        9,
        LOAD_FILE(
            '/Users/chrisley/Documents/Development/React/proyecto-final-bd-avanzadas/database/mock/imagenes/image9_2.jpg'
        ),
        'Perfil Claudia Diaz 2'
    );
INSERT INTO Perfil (Id_Usuario, PERF_Img, PERF_Nombre)
VALUES (
        10,
        LOAD_FILE(
            '/Users/chrisley/Documents/Development/React/proyecto-final-bd-avanzadas/database/mock/imagenes/image1.jpg'
        ),
        'Perfil Ricardo Ramirez'
    );
INSERT INTO Perfil (Id_Usuario, PERF_Img, PERF_Nombre)
VALUES (
        10,
        LOAD_FILE(
            '/Users/chrisley/Documents/Development/React/proyecto-final-bd-avanzadas/database/mock/imagenes/image1_2.jpg'
        ),
        'Perfil Ricardo Ramirez 2'
    );
INSERT INTO Perfil (Id_Usuario, PERF_Img, PERF_Nombre)
VALUES (
        11,
        LOAD_FILE(
            '/Users/chrisley/Documents/Development/React/proyecto-final-bd-avanzadas/database/mock/imagenes/image1.jpg'
        ),
        'Perfil Sofia Fernandez'
    );
INSERT INTO Perfil (Id_Usuario, PERF_Img, PERF_Nombre)
VALUES (
        11,
        LOAD_FILE(
            '/Users/chrisley/Documents/Development/React/proyecto-final-bd-avanzadas/database/mock/imagenes/image1_2.jpg'
        ),
        'Perfil Sofia Fernandez 2'
    );
INSERT INTO Perfil (Id_Usuario, PERF_Img, PERF_Nombre)
VALUES (
        12,
        LOAD_FILE(
            '/Users/chrisley/Documents/Development/React/proyecto-final-bd-avanzadas/database/mock/imagenes/image1.jpg'
        ),
        'Perfil Javier Morales'
    );
INSERT INTO Perfil (Id_Usuario, PERF_Img, PERF_Nombre)
VALUES (
        12,
        LOAD_FILE(
            '/Users/chrisley/Documents/Development/React/proyecto-final-bd-avanzadas/database/mock/imagenes/image1_2.jpg'
        ),
        'Perfil Javier Morales 2'
    );
INSERT INTO Perfil (Id_Usuario, PERF_Img, PERF_Nombre)
VALUES (
        13,
        LOAD_FILE(
            '/Users/chrisley/Documents/Development/React/proyecto-final-bd-avanzadas/database/mock/imagenes/image1.jpg'
        ),
        'Perfil Raquel Cruz'
    );
INSERT INTO Perfil (Id_Usuario, PERF_Img, PERF_Nombre)
VALUES (
        13,
        LOAD_FILE(
            '/Users/chrisley/Documents/Development/React/proyecto-final-bd-avanzadas/database/mock/imagenes/image1_2.jpg'
        ),
        'Perfil Raquel Cruz 2'
    );
INSERT INTO Perfil (Id_Usuario, PERF_Img, PERF_Nombre)
VALUES (
        14,
        LOAD_FILE(
            '/Users/chrisley/Documents/Development/React/proyecto-final-bd-avanzadas/database/mock/imagenes/image1.jpg'
        ),
        'Perfil Manuel Ortiz'
    );
INSERT INTO Perfil (Id_Usuario, PERF_Img, PERF_Nombre)
VALUES (
        14,
        LOAD_FILE(
            '/Users/chrisley/Documents/Development/React/proyecto-final-bd-avanzadas/database/mock/imagenes/image1_2.jpg'
        ),
        'Perfil Manuel Ortiz 2'
    );
INSERT INTO Perfil (Id_Usuario, PERF_Img, PERF_Nombre)
VALUES (
        15,
        LOAD_FILE(
            '/Users/chrisley/Documents/Development/React/proyecto-final-bd-avanzadas/database/mock/imagenes/image1.jpg'
        ),
        'Perfil Patricia Gomez'
    );
INSERT INTO Perfil (Id_Usuario, PERF_Img, PERF_Nombre)
VALUES (
        15,
        LOAD_FILE(
            '/Users/chrisley/Documents/Development/React/proyecto-final-bd-avanzadas/database/mock/imagenes/image1_2.jpg'
        ),
        'Perfil Patricia Gomez 2'
    );
INSERT INTO Perfil (Id_Usuario, PERF_Img, PERF_Nombre)
VALUES (
        16,
        LOAD_FILE(
            '/Users/chrisley/Documents/Development/React/proyecto-final-bd-avanzadas/database/mock/imagenes/image1.jpg'
        ),
        'Perfil David Ruiz'
    );
INSERT INTO Perfil (Id_Usuario, PERF_Img, PERF_Nombre)
VALUES (
        16,
        LOAD_FILE(
            '/Users/chrisley/Documents/Development/React/proyecto-final-bd-avanzadas/database/mock/imagenes/image1_2.jpg'
        ),
        'Perfil David Ruiz 2'
    );
INSERT INTO Perfil (Id_Usuario, PERF_Img, PERF_Nombre)
VALUES (
        17,
        LOAD_FILE(
            '/Users/chrisley/Documents/Development/React/proyecto-final-bd-avanzadas/database/mock/imagenes/image1.jpg'
        ),
        'Perfil Lucia Gutierrez'
    );
INSERT INTO Perfil (Id_Usuario, PERF_Img, PERF_Nombre)
VALUES (
        17,
        LOAD_FILE(
            '/Users/chrisley/Documents/Development/React/proyecto-final-bd-avanzadas/database/mock/imagenes/image1_2.jpg'
        ),
        'Perfil Lucia Gutierrez 2'
    );
INSERT INTO Perfil (Id_Usuario, PERF_Img, PERF_Nombre)
VALUES (
        18,
        LOAD_FILE(
            '/Users/chrisley/Documents/Development/React/proyecto-final-bd-avanzadas/database/mock/imagenes/image1.jpg'
        ),
        'Perfil Jose Torres'
    );
INSERT INTO Perfil (Id_Usuario, PERF_Img, PERF_Nombre)
VALUES (
        18,
        LOAD_FILE(
            '/Users/chrisley/Documents/Development/React/proyecto-final-bd-avanzadas/database/mock/imagenes/image1_2.jpg'
        ),
        'Perfil Jose Torres 2'
    );
INSERT INTO Perfil (Id_Usuario, PERF_Img, PERF_Nombre)
VALUES (
        19,
        LOAD_FILE(
            '/Users/chrisley/Documents/Development/React/proyecto-final-bd-avanzadas/database/mock/imagenes/image1.jpg'
        ),
        'Perfil Elena Flores'
    );
INSERT INTO Perfil (Id_Usuario, PERF_Img, PERF_Nombre)
VALUES (
        19,
        LOAD_FILE(
            '/Users/chrisley/Documents/Development/React/proyecto-final-bd-avanzadas/database/mock/imagenes/image1_2.jpg'
        ),
        'Perfil Elena Flores 2'
    );
INSERT INTO Perfil (Id_Usuario, PERF_Img, PERF_Nombre)
VALUES (
        20,
        LOAD_FILE(
            '/Users/chrisley/Documents/Development/React/proyecto-final-bd-avanzadas/database/mock/imagenes/image2.jpg'
        ),
        'Perfil Fernando Jimenez'
    );
INSERT INTO Perfil (Id_Usuario, PERF_Img, PERF_Nombre)
VALUES (
        20,
        LOAD_FILE(
            '/Users/chrisley/Documents/Development/React/proyecto-final-bd-avanzadas/database/mock/imagenes/image2_2.jpg'
        ),
        'Perfil Fernando Jimenez 2'
    );
INSERT INTO Perfil (Id_Usuario, PERF_Img, PERF_Nombre)
VALUES (
        21,
        LOAD_FILE(
            '/Users/chrisley/Documents/Development/React/proyecto-final-bd-avanzadas/database/mock/imagenes/image2.jpg'
        ),
        'Perfil Gabriela Perea'
    );
INSERT INTO Perfil (Id_Usuario, PERF_Img, PERF_Nombre)
VALUES (
        21,
        LOAD_FILE(
            '/Users/chrisley/Documents/Development/React/proyecto-final-bd-avanzadas/database/mock/imagenes/image2_2.jpg'
        ),
        'Perfil Gabriela Perea 2'
    );
INSERT INTO Perfil (Id_Usuario, PERF_Img, PERF_Nombre)
VALUES (
        22,
        LOAD_FILE(
            '/Users/chrisley/Documents/Development/React/proyecto-final-bd-avanzadas/database/mock/imagenes/image2.jpg'
        ),
        'Perfil Hector Castro'
    );
INSERT INTO Perfil (Id_Usuario, PERF_Img, PERF_Nombre)
VALUES (
        22,
        LOAD_FILE(
            '/Users/chrisley/Documents/Development/React/proyecto-final-bd-avanzadas/database/mock/imagenes/image2_2.jpg'
        ),
        'Perfil Hector Castro 2'
    );
INSERT INTO Perfil (Id_Usuario, PERF_Img, PERF_Nombre)
VALUES (
        23,
        LOAD_FILE(
            '/Users/chrisley/Documents/Development/React/proyecto-final-bd-avanzadas/database/mock/imagenes/image2.jpg'
        ),
        'Perfil Isabel Vega'
    );
INSERT INTO Perfil (Id_Usuario, PERF_Img, PERF_Nombre)
VALUES (
        23,
        LOAD_FILE(
            '/Users/chrisley/Documents/Development/React/proyecto-final-bd-avanzadas/database/mock/imagenes/image2_2.jpg'
        ),
        'Perfil Isabel Vega 2'
    );
INSERT INTO Perfil (Id_Usuario, PERF_Img, PERF_Nombre)
VALUES (
        24,
        LOAD_FILE(
            '/Users/chrisley/Documents/Development/React/proyecto-final-bd-avanzadas/database/mock/imagenes/image2.jpg'
        ),
        'Perfil Carlos Rivera'
    );
INSERT INTO Perfil (Id_Usuario, PERF_Img, PERF_Nombre)
VALUES (
        24,
        LOAD_FILE(
            '/Users/chrisley/Documents/Development/React/proyecto-final-bd-avanzadas/database/mock/imagenes/image2_2.jpg'
        ),
        'Perfil Carlos Rivera 2'
    );
INSERT INTO Perfil (Id_Usuario, PERF_Img, PERF_Nombre)
VALUES (
        25,
        LOAD_FILE(
            '/Users/chrisley/Documents/Development/React/proyecto-final-bd-avanzadas/database/mock/imagenes/image2.jpg'
        ),
        'Perfil Laura Silva'
    );
INSERT INTO Perfil (Id_Usuario, PERF_Img, PERF_Nombre)
VALUES (
        25,
        LOAD_FILE(
            '/Users/chrisley/Documents/Development/React/proyecto-final-bd-avanzadas/database/mock/imagenes/image2_2.jpg'
        ),
        'Perfil Laura Silva 2'
    );
INSERT INTO Perfil (Id_Usuario, PERF_Img, PERF_Nombre)
VALUES (
        26,
        LOAD_FILE(
            '/Users/chrisley/Documents/Development/React/proyecto-final-bd-avanzadas/database/mock/imagenes/image2.jpg'
        ),
        'Perfil Luis Romero'
    );
INSERT INTO Perfil (Id_Usuario, PERF_Img, PERF_Nombre)
VALUES (
        26,
        LOAD_FILE(
            '/Users/chrisley/Documents/Development/React/proyecto-final-bd-avanzadas/database/mock/imagenes/image2_2.jpg'
        ),
        'Perfil Luis Romero 2'
    );
INSERT INTO Perfil (Id_Usuario, PERF_Img, PERF_Nombre)
VALUES (
        27,
        LOAD_FILE(
            '/Users/chrisley/Documents/Development/React/proyecto-final-bd-avanzadas/database/mock/imagenes/image2.jpg'
        ),
        'Perfil Monica Soto'
    );
INSERT INTO Perfil (Id_Usuario, PERF_Img, PERF_Nombre)
VALUES (
        27,
        LOAD_FILE(
            '/Users/chrisley/Documents/Development/React/proyecto-final-bd-avanzadas/database/mock/imagenes/image2_2.jpg'
        ),
        'Perfil Monica Soto 2'
    );
INSERT INTO Perfil (Id_Usuario, PERF_Img, PERF_Nombre)
VALUES (
        28,
        LOAD_FILE(
            '/Users/chrisley/Documents/Development/React/proyecto-final-bd-avanzadas/database/mock/imagenes/image2.jpg'
        ),
        'Perfil Pedro Rios'
    );
INSERT INTO Perfil (Id_Usuario, PERF_Img, PERF_Nombre)
VALUES (
        28,
        LOAD_FILE(
            '/Users/chrisley/Documents/Development/React/proyecto-final-bd-avanzadas/database/mock/imagenes/image2_2.jpg'
        ),
        'Perfil Pedro Rios 2'
    );
INSERT INTO Perfil (Id_Usuario, PERF_Img, PERF_Nombre)
VALUES (
        29,
        LOAD_FILE(
            '/Users/chrisley/Documents/Development/React/proyecto-final-bd-avanzadas/database/mock/imagenes/image2.jpg'
        ),
        'Perfil Sara Mendoza'
    );
INSERT INTO Perfil (Id_Usuario, PERF_Img, PERF_Nombre)
VALUES (
        29,
        LOAD_FILE(
            '/Users/chrisley/Documents/Development/React/proyecto-final-bd-avanzadas/database/mock/imagenes/image2_2.jpg'
        ),
        'Perfil Sara Mendoza 2'
    );
INSERT INTO Perfil (Id_Usuario, PERF_Img, PERF_Nombre)
VALUES (
        30,
        LOAD_FILE(
            '/Users/chrisley/Documents/Development/React/proyecto-final-bd-avanzadas/database/mock/imagenes/image3.jpg'
        ),
        'Perfil Ramon Vargas'
    );
INSERT INTO Perfil (Id_Usuario, PERF_Img, PERF_Nombre)
VALUES (
        30,
        LOAD_FILE(
            '/Users/chrisley/Documents/Development/React/proyecto-final-bd-avanzadas/database/mock/imagenes/image3_2.jpg'
        ),
        'Perfil Ramon Vargas 2'
    );
INSERT INTO Perfil (Id_Usuario, PERF_Img, PERF_Nombre)
VALUES (
        31,
        LOAD_FILE(
            '/Users/chrisley/Documents/Development/React/proyecto-final-bd-avanzadas/database/mock/imagenes/image3.jpg'
        ),
        'Perfil Beatriz Cabrera'
    );
INSERT INTO Perfil (Id_Usuario, PERF_Img, PERF_Nombre)
VALUES (
        31,
        LOAD_FILE(
            '/Users/chrisley/Documents/Development/React/proyecto-final-bd-avanzadas/database/mock/imagenes/image3_2.jpg'
        ),
        'Perfil Beatriz Cabrera 2'
    );
INSERT INTO Perfil (Id_Usuario, PERF_Img, PERF_Nombre)
VALUES (
        32,
        LOAD_FILE(
            '/Users/chrisley/Documents/Development/React/proyecto-final-bd-avanzadas/database/mock/imagenes/image3.jpg'
        ),
        'Perfil Esteban Lopez'
    );
INSERT INTO Perfil (Id_Usuario, PERF_Img, PERF_Nombre)
VALUES (
        32,
        LOAD_FILE(
            '/Users/chrisley/Documents/Development/React/proyecto-final-bd-avanzadas/database/mock/imagenes/image3_2.jpg'
        ),
        'Perfil Esteban Lopez 2'
    );
INSERT INTO Perfil (Id_Usuario, PERF_Img, PERF_Nombre)
VALUES (
        33,
        LOAD_FILE(
            '/Users/chrisley/Documents/Development/React/proyecto-final-bd-avanzadas/database/mock/imagenes/image3.jpg'
        ),
        'Perfil Diana Herrera'
    );
INSERT INTO Perfil (Id_Usuario, PERF_Img, PERF_Nombre)
VALUES (
        33,
        LOAD_FILE(
            '/Users/chrisley/Documents/Development/React/proyecto-final-bd-avanzadas/database/mock/imagenes/image3_2.jpg'
        ),
        'Perfil Diana Herrera 2'
    );
INSERT INTO Perfil (Id_Usuario, PERF_Img, PERF_Nombre)
VALUES (
        34,
        LOAD_FILE(
            '/Users/chrisley/Documents/Development/React/proyecto-final-bd-avanzadas/database/mock/imagenes/image3.jpg'
        ),
        'Perfil Victor Navarro'
    );
INSERT INTO Perfil (Id_Usuario, PERF_Img, PERF_Nombre)
VALUES (
        34,
        LOAD_FILE(
            '/Users/chrisley/Documents/Development/React/proyecto-final-bd-avanzadas/database/mock/imagenes/image3_2.jpg'
        ),
        'Perfil Victor Navarro 2'
    );
INSERT INTO Perfil (Id_Usuario, PERF_Img, PERF_Nombre)
VALUES (
        35,
        LOAD_FILE(
            '/Users/chrisley/Documents/Development/React/proyecto-final-bd-avanzadas/database/mock/imagenes/image3.jpg'
        ),
        'Perfil Alba Aguilar'
    );
INSERT INTO Perfil (Id_Usuario, PERF_Img, PERF_Nombre)
VALUES (
        35,
        LOAD_FILE(
            '/Users/chrisley/Documents/Development/React/proyecto-final-bd-avanzadas/database/mock/imagenes/image3_2.jpg'
        ),
        'Perfil Alba Aguilar 2'
    );
INSERT INTO Perfil (Id_Usuario, PERF_Img, PERF_Nombre)
VALUES (
        36,
        LOAD_FILE(
            '/Users/chrisley/Documents/Development/React/proyecto-final-bd-avanzadas/database/mock/imagenes/image3.jpg'
        ),
        'Perfil Mario Serrano'
    );
INSERT INTO Perfil (Id_Usuario, PERF_Img, PERF_Nombre)
VALUES (
        36,
        LOAD_FILE(
            '/Users/chrisley/Documents/Development/React/proyecto-final-bd-avanzadas/database/mock/imagenes/image3_2.jpg'
        ),
        'Perfil Mario Serrano 2'
    );
INSERT INTO Perfil (Id_Usuario, PERF_Img, PERF_Nombre)
VALUES (
        37,
        LOAD_FILE(
            '/Users/chrisley/Documents/Development/React/proyecto-final-bd-avanzadas/database/mock/imagenes/image3.jpg'
        ),
        'Perfil Eva Pena'
    );
INSERT INTO Perfil (Id_Usuario, PERF_Img, PERF_Nombre)
VALUES (
        37,
        LOAD_FILE(
            '/Users/chrisley/Documents/Development/React/proyecto-final-bd-avanzadas/database/mock/imagenes/image3_2.jpg'
        ),
        'Perfil Eva Pena 2'
    );
INSERT INTO Perfil (Id_Usuario, PERF_Img, PERF_Nombre)
VALUES (
        38,
        LOAD_FILE(
            '/Users/chrisley/Documents/Development/React/proyecto-final-bd-avanzadas/database/mock/imagenes/image3.jpg'
        ),
        'Perfil Pablo Lorenzo'
    );
INSERT INTO Perfil (Id_Usuario, PERF_Img, PERF_Nombre)
VALUES (
        38,
        LOAD_FILE(
            '/Users/chrisley/Documents/Development/React/proyecto-final-bd-avanzadas/database/mock/imagenes/image3_2.jpg'
        ),
        'Perfil Pablo Lorenzo 2'
    );
INSERT INTO Perfil (Id_Usuario, PERF_Img, PERF_Nombre)
VALUES (
        39,
        LOAD_FILE(
            '/Users/chrisley/Documents/Development/React/proyecto-final-bd-avanzadas/database/mock/imagenes/image3.jpg'
        ),
        'Perfil Angela Espinoza'
    );
INSERT INTO Perfil (Id_Usuario, PERF_Img, PERF_Nombre)
VALUES (
        39,
        LOAD_FILE(
            '/Users/chrisley/Documents/Development/React/proyecto-final-bd-avanzadas/database/mock/imagenes/image3_2.jpg'
        ),
        'Perfil Angela Espinoza 2'
    );
INSERT INTO Perfil (Id_Usuario, PERF_Img, PERF_Nombre)
VALUES (
        40,
        LOAD_FILE(
            '/Users/chrisley/Documents/Development/React/proyecto-final-bd-avanzadas/database/mock/imagenes/image4.jpg'
        ),
        'Perfil Cristina Marquez'
    );
INSERT INTO Perfil (Id_Usuario, PERF_Img, PERF_Nombre)
VALUES (
        40,
        LOAD_FILE(
            '/Users/chrisley/Documents/Development/React/proyecto-final-bd-avanzadas/database/mock/imagenes/image4_2.jpg'
        ),
        'Perfil Cristina Marquez 2'
    );
INSERT INTO Perfil (Id_Usuario, PERF_Img, PERF_Nombre)
VALUES (
        41,
        LOAD_FILE(
            '/Users/chrisley/Documents/Development/React/proyecto-final-bd-avanzadas/database/mock/imagenes/image4.jpg'
        ),
        'Perfil Oscar Fuentes'
    );
INSERT INTO Perfil (Id_Usuario, PERF_Img, PERF_Nombre)
VALUES (
        41,
        LOAD_FILE(
            '/Users/chrisley/Documents/Development/React/proyecto-final-bd-avanzadas/database/mock/imagenes/image4_2.jpg'
        ),
        'Perfil Oscar Fuentes 2'
    );
INSERT INTO Perfil (Id_Usuario, PERF_Img, PERF_Nombre)
VALUES (
        42,
        LOAD_FILE(
            '/Users/chrisley/Documents/Development/React/proyecto-final-bd-avanzadas/database/mock/imagenes/image4.jpg'
        ),
        'Perfil Gloria Tapia'
    );
INSERT INTO Perfil (Id_Usuario, PERF_Img, PERF_Nombre)
VALUES (
        42,
        LOAD_FILE(
            '/Users/chrisley/Documents/Development/React/proyecto-final-bd-avanzadas/database/mock/imagenes/image4_2.jpg'
        ),
        'Perfil Gloria Tapia 2'
    );
INSERT INTO Perfil (Id_Usuario, PERF_Img, PERF_Nombre)
VALUES (
        43,
        LOAD_FILE(
            '/Users/chrisley/Documents/Development/React/proyecto-final-bd-avanzadas/database/mock/imagenes/image4.jpg'
        ),
        'Perfil Jorge Estrada'
    );
INSERT INTO Perfil (Id_Usuario, PERF_Img, PERF_Nombre)
VALUES (
        43,
        LOAD_FILE(
            '/Users/chrisley/Documents/Development/React/proyecto-final-bd-avanzadas/database/mock/imagenes/image4_2.jpg'
        ),
        'Perfil Jorge Estrada 2'
    );
INSERT INTO Perfil (Id_Usuario, PERF_Img, PERF_Nombre)
VALUES (
        44,
        LOAD_FILE(
            '/Users/chrisley/Documents/Development/React/proyecto-final-bd-avanzadas/database/mock/imagenes/image4.jpg'
        ),
        'Perfil Teresa Valdez'
    );
INSERT INTO Perfil (Id_Usuario, PERF_Img, PERF_Nombre)
VALUES (
        44,
        LOAD_FILE(
            '/Users/chrisley/Documents/Development/React/proyecto-final-bd-avanzadas/database/mock/imagenes/image4_2.jpg'
        ),
        'Perfil Teresa Valdez 2'
    );
INSERT INTO Perfil (Id_Usuario, PERF_Img, PERF_Nombre)
VALUES (
        45,
        LOAD_FILE(
            '/Users/chrisley/Documents/Development/React/proyecto-final-bd-avanzadas/database/mock/imagenes/image4.jpg'
        ),
        'Perfil Miguel Paredes'
    );
INSERT INTO Perfil (Id_Usuario, PERF_Img, PERF_Nombre)
VALUES (
        45,
        LOAD_FILE(
            '/Users/chrisley/Documents/Development/React/proyecto-final-bd-avanzadas/database/mock/imagenes/image4_2.jpg'
        ),
        'Perfil Miguel Paredes 2'
    );
INSERT INTO Perfil (Id_Usuario, PERF_Img, PERF_Nombre)
VALUES (
        46,
        LOAD_FILE(
            '/Users/chrisley/Documents/Development/React/proyecto-final-bd-avanzadas/database/mock/imagenes/image4.jpg'
        ),
        'Perfil Rosa Galindo'
    );
INSERT INTO Perfil (Id_Usuario, PERF_Img, PERF_Nombre)
VALUES (
        46,
        LOAD_FILE(
            '/Users/chrisley/Documents/Development/React/proyecto-final-bd-avanzadas/database/mock/imagenes/image4_2.jpg'
        ),
        'Perfil Rosa Galindo 2'
    );
INSERT INTO Perfil (Id_Usuario, PERF_Img, PERF_Nombre)
VALUES (
        47,
        LOAD_FILE(
            '/Users/chrisley/Documents/Development/React/proyecto-final-bd-avanzadas/database/mock/imagenes/image4.jpg'
        ),
        'Perfil Ignacio Ortega'
    );
INSERT INTO Perfil (Id_Usuario, PERF_Img, PERF_Nombre)
VALUES (
        47,
        LOAD_FILE(
            '/Users/chrisley/Documents/Development/React/proyecto-final-bd-avanzadas/database/mock/imagenes/image4_2.jpg'
        ),
        'Perfil Ignacio Ortega 2'
    );
INSERT INTO Perfil (Id_Usuario, PERF_Img, PERF_Nombre)
VALUES (
        48,
        LOAD_FILE(
            '/Users/chrisley/Documents/Development/React/proyecto-final-bd-avanzadas/database/mock/imagenes/image4.jpg'
        ),
        'Perfil Alicia Bravo'
    );
INSERT INTO Perfil (Id_Usuario, PERF_Img, PERF_Nombre)
VALUES (
        48,
        LOAD_FILE(
            '/Users/chrisley/Documents/Development/React/proyecto-final-bd-avanzadas/database/mock/imagenes/image4_2.jpg'
        ),
        'Perfil Alicia Bravo 2'
    );
INSERT INTO Perfil (Id_Usuario, PERF_Img, PERF_Nombre)
VALUES (
        49,
        LOAD_FILE(
            '/Users/chrisley/Documents/Development/React/proyecto-final-bd-avanzadas/database/mock/imagenes/image4.jpg'
        ),
        'Perfil Felipe Moreno'
    );
INSERT INTO Perfil (Id_Usuario, PERF_Img, PERF_Nombre)
VALUES (
        49,
        LOAD_FILE(
            '/Users/chrisley/Documents/Development/React/proyecto-final-bd-avanzadas/database/mock/imagenes/image4_2.jpg'
        ),
        'Perfil Felipe Moreno 2'
    );
INSERT INTO Perfil (Id_Usuario, PERF_Img, PERF_Nombre)
VALUES (
        50,
        LOAD_FILE(
            '/Users/chrisley/Documents/Development/React/proyecto-final-bd-avanzadas/database/mock/imagenes/image5.jpg'
        ),
        'Perfil Felipe Carrillo'
    );
INSERT INTO Perfil (Id_Usuario, PERF_Img, PERF_Nombre)
VALUES (
        50,
        LOAD_FILE(
            '/Users/chrisley/Documents/Development/React/proyecto-final-bd-avanzadas/database/mock/imagenes/image5_2.jpg'
        ),
        'Perfil Felipe Carrillo 2'
    );
INSERT INTO TipoContenido (TIPOCONT_Descripcion)
VALUES ('pelicula');
INSERT INTO TipoContenido (TIPOCONT_Descripcion)
VALUES ('serie');
INSERT INTO TipoContenido (TIPOCONT_Descripcion)
VALUES ('documental');
INSERT INTO Genero (genero)
VALUES ('terror');
INSERT INTO Genero (genero)
VALUES ('acción');
INSERT INTO Genero (genero)
VALUES ('aventura');
INSERT INTO Genero (genero)
VALUES ('educación');
INSERT INTO Contenido (
        Id_TipoContenido,
        CONT_Nombre,
        CONT_FechaLanz,
        CONT_COVER,
        CONT_Trailer,
        id_Genero,
        CONT_Descripcion
    )
VALUES (
        2,
        'Breaking Bad',
        '2008-01-20',
        LOAD_FILE(
            '/Users/chrisley/Documents/Development/React/proyecto-final-bd-avanzadas/database/mock/imagenes/Portada/breaking_bad_cover.jpg'
        ),
        'https://www.youtube.com/watch?v=mXd1zTwcQ18',
        3,
        'Un profesor de química fabrica metanfetaminas tras ser diagnosticado con cáncer, enfrentando el mundo del crimen para asegurar el futuro de su familia'
    );
INSERT INTO Contenido (
        Id_TipoContenido,
        CONT_Nombre,
        CONT_FechaLanz,
        CONT_COVER,
        CONT_Trailer,
        id_Genero,
        CONT_Descripcion
    )
VALUES (
        2,
        'Game of Thrones',
        '2011-04-17',
        LOAD_FILE(
            '/Users/chrisley/Documents/Development/React/proyecto-final-bd-avanzadas/database/mock/imagenes/Portada/got_cover.jpg'
        ),
        'https://www.youtube.com/watch?v=9bwcu6rewSY',
        3,
        'En los continentes ficticios de Westeros y Essos, varias familias nobles luchan por el control del Trono de Hierro mientras enfrentan amenazas sobrenaturales y conflictos internos'
    );
INSERT INTO Contenido (
        Id_TipoContenido,
        CONT_Nombre,
        CONT_FechaLanz,
        CONT_COVER,
        CONT_Trailer,
        id_Genero,
        CONT_Descripcion
    )
VALUES (
        2,
        'Stranger Things',
        '2016-07-15',
        LOAD_FILE(
            '/Users/chrisley/Documents/Development/React/proyecto-final-bd-avanzadas/database/mock/imagenes/Portada/stranger_things_cover.jpg'
        ),
        'https://www.youtube.com/watch?v=x7Yq9MJUqjY',
        3,
        'Un grupo de niños investiga la desaparición de un amigo y descubre un mundo sobrenatural, secretos gubernamentales y una niña con poderes telequinéticos'
    );
INSERT INTO Contenido (
        Id_TipoContenido,
        CONT_Nombre,
        CONT_FechaLanz,
        CONT_COVER,
        CONT_Trailer,
        id_Genero,
        CONT_Descripcion
    )
VALUES (
        2,
        'The Crown',
        '2016-11-04',
        LOAD_FILE(
            '/Users/chrisley/Documents/Development/React/proyecto-final-bd-avanzadas/database/mock/imagenes/Portada/the_crown_cover.jpg'
        ),
        'https://www.youtube.com/watch?v=zzBjNG1GKu4',
        3,
        'Narra la vida de la Reina Isabel II desde su ascenso al trono, explorando los eventos históricos y desafíos personales que marcaron su reinado'
    );
INSERT INTO Contenido (
        Id_TipoContenido,
        CONT_Nombre,
        CONT_FechaLanz,
        CONT_COVER,
        CONT_Trailer,
        id_Genero,
        CONT_Descripcion
    )
VALUES (
        2,
        'The Mandalorian',
        '2019-11-12',
        LOAD_FILE(
            '/Users/chrisley/Documents/Development/React/proyecto-final-bd-avanzadas/database/mock/imagenes/Portada/the_mandalorian_cover.jpg'
        ),
        'https://www.youtube.com/watch?v=GIoc0DRz7ak',
        3,
        'Un cazarrecompensas solitario recorre la galaxia tras la caída del Imperio, protegiendo a un misterioso niño con poderes especiales'
    );
INSERT INTO Contenido (
        Id_TipoContenido,
        CONT_Nombre,
        CONT_FechaLanz,
        CONT_COVER,
        CONT_Trailer,
        id_Genero,
        CONT_Descripcion
    )
VALUES (
        1,
        'Inception',
        '2010-07-16',
        LOAD_FILE(
            '/Users/chrisley/Documents/Development/React/proyecto-final-bd-avanzadas/database/mock/imagenes/Portada/inception_cover.jpg'
        ),
        'https://www.youtube.com/watch?v=WrRMioLGFxs',
        3,
        'Un ladrón experto en infiltrarse en los sueños de las personas debe realizar un último trabajo: implantar una idea en la mente de su objetivo para lograr su redención'
    );
INSERT INTO Contenido (
        Id_TipoContenido,
        CONT_Nombre,
        CONT_FechaLanz,
        CONT_COVER,
        CONT_Trailer,
        id_Genero,
        CONT_Descripcion
    )
VALUES (
        1,
        'El Caballero de la Noche Asciende',
        '2008-07-18',
        LOAD_FILE(
            '/Users/chrisley/Documents/Development/React/proyecto-final-bd-avanzadas/database/mock/imagenes/Portada/dark_knight_cover.jpg'
        ),
        'https://www.youtube.com/watch?v=RkBsJ7m7NF8',
        2,
        'Batman lucha contra el crimen en Gotham, enfrentándose al anárquico Joker, quien siembra el caos y desafía los límites del héroe'
    );
INSERT INTO Contenido (
        Id_TipoContenido,
        CONT_Nombre,
        CONT_FechaLanz,
        CONT_COVER,
        CONT_Trailer,
        id_Genero,
        CONT_Descripcion
    )
VALUES (
        1,
        'Interstellar',
        '2014-11-07',
        LOAD_FILE(
            '/Users/chrisley/Documents/Development/React/proyecto-final-bd-avanzadas/database/mock/imagenes/Portada/interestellar_cover.jpg'
        ),
        'https://www.youtube.com/watch?v=QOIyFLQpN_w',
        3,
        'Un grupo de astronautas viaja a través de un agujero de gusano en busca de un nuevo hogar para la humanidad, enfrentando desafíos cósmicos y emocionales'
    );
INSERT INTO Contenido (
        Id_TipoContenido,
        CONT_Nombre,
        CONT_FechaLanz,
        CONT_COVER,
        CONT_Trailer,
        id_Genero,
        CONT_Descripcion
    )
VALUES (
        1,
        'The Godfather',
        '1972-03-24',
        LOAD_FILE(
            '/Users/chrisley/Documents/Development/React/proyecto-final-bd-avanzadas/database/mock/imagenes/Portada/godfather_cover.jpg'
        ),
        'https://www.youtube.com/watch?v=gCVj1LeYnsc',
        3,
        'La saga de la familia Corleone, una poderosa dinastía mafiosa, y su lucha por el poder, la lealtad y la traición en el mundo del crimen organizado'
    );
INSERT INTO Contenido (
        Id_TipoContenido,
        CONT_Nombre,
        CONT_FechaLanz,
        CONT_COVER,
        CONT_Trailer,
        id_Genero,
        CONT_Descripcion
    )
VALUES (
        1,
        'Forrest Gump',
        '1994-07-06',
        LOAD_FILE(
            '/Users/chrisley/Documents/Development/React/proyecto-final-bd-avanzadas/database/mock/imagenes/Portada/forrest_gump_cover.jpg'
        ),
        'https://www.youtube.com/watch?v=GIs2gpWpBiQ',
        3,
        'La vida extraordinaria de un hombre con limitaciones cognitivas que, a través de su bondad y determinación, influye en eventos históricos y cambia la vida de quienes lo rodean'
    );
INSERT INTO Pelicula (Id_Contenido, PELI_Source, PELI_Duracion)
VALUES (
        6,
        LOAD_FILE(
            '/Users/chrisley/Documents/Development/React/proyecto-final-bd-avanzadas/database/mock/videos/peliculas/inception_source.mp4'
        ),
        148
    );
INSERT INTO Pelicula (Id_Contenido, PELI_Source, PELI_Duracion)
VALUES (
        7,
        LOAD_FILE(
            '/Users/chrisley/Documents/Development/React/proyecto-final-bd-avanzadas/database/mock/videos/peliculas/dark_knight_source.mp4'
        ),
        152
    );
INSERT INTO Pelicula (Id_Contenido, PELI_Source, PELI_Duracion)
VALUES (
        8,
        LOAD_FILE(
            '/Users/chrisley/Documents/Development/React/proyecto-final-bd-avanzadas/database/mock/videos/peliculas/interstellar_source.mp4'
        ),
        169
    );
INSERT INTO Pelicula (Id_Contenido, PELI_Source, PELI_Duracion)
VALUES (
        9,
        LOAD_FILE(
            '/Users/chrisley/Documents/Development/React/proyecto-final-bd-avanzadas/database/mock/videos/peliculas/godfather_source.mp4'
        ),
        175
    );
INSERT INTO Pelicula (Id_Contenido, PELI_Source, PELI_Duracion)
VALUES (
        10,
        LOAD_FILE(
            '/Users/chrisley/Documents/Development/React/proyecto-final-bd-avanzadas/database/mock/videos/peliculas/forrest_gump_source.mp4'
        ),
        142
    );
INSERT INTO Serie(Id_Contenido, SER_Capitulos, SERIE_Temporadas)
VALUES (1, 62, 5);
-- Breaking Bad
INSERT INTO Serie(Id_Contenido, SER_Capitulos, SERIE_Temporadas)
VALUES (2, 73, 8);
-- Game of Thrones
INSERT INTO Serie(Id_Contenido, SER_Capitulos, SERIE_Temporadas)
VALUES (3, 34, 4);
-- Stranger Things
INSERT INTO Serie(Id_Contenido, SER_Capitulos, SERIE_Temporadas)
VALUES (4, 40, 4);
-- The Crown
INSERT INTO Serie(Id_Contenido, SER_Capitulos, SERIE_Temporadas)
VALUES (5, 16, 2);
-- The Mandalorian
INSERT INTO Capitulo (
        Id_Serie,
        CAP_Source,
        CAP_Duracion,
        CAP_Temporada,
        CAP_Number,
        CAP_Cover
    )
VALUES (
        1,
        LOAD_FILE(
            '/Users/chrisley/Documents/Development/React/proyecto-final-bd-avanzadas/database/mock/videos/series/breaking_bad_s1e1.mp4'
        ),
        '58 minutos',
        1,
        1,
        LOAD_FILE(
            '/Users/chrisley/Documents/Development/React/proyecto-final-bd-avanzadas/database/mock/imagenes/Portada/capcover/breaking_bad_cap_cover.jpg'
        )
    );
INSERT INTO Capitulo (
        Id_Serie,
        CAP_Source,
        CAP_Duracion,
        CAP_Temporada,
        CAP_Number,
        CAP_Cover
    )
VALUES (
        1,
        LOAD_FILE(
            '/Users/chrisley/Documents/Development/React/proyecto-final-bd-avanzadas/database/mock/videos/series/breaking_bad_s1e2.mp4'
        ),
        '48 minutos',
        1,
        2,
        LOAD_FILE(
            '/Users/chrisley/Documents/Development/React/proyecto-final-bd-avanzadas/database/mock/imagenes/Portada/capcover/breaking_bad_cap_cover.jpg'
        )
    );
INSERT INTO Capitulo (
        Id_Serie,
        CAP_Source,
        CAP_Duracion,
        CAP_Temporada,
        CAP_Number,
        CAP_Cover
    )
VALUES (
        2,
        LOAD_FILE(
            '/Users/chrisley/Documents/Development/React/proyecto-final-bd-avanzadas/database/mock/videos/series/got_s1e1.mp4'
        ),
        '62 minutos',
        1,
        1,
        LOAD_FILE(
            '/Users/chrisley/Documents/Development/React/proyecto-final-bd-avanzadas/database/mock/imagenes/Portada/capcover/got_cap_cover.jpg'
        )
    );
INSERT INTO Capitulo (
        Id_Serie,
        CAP_Source,
        CAP_Duracion,
        CAP_Temporada,
        CAP_Number,
        CAP_Cover
    )
VALUES (
        2,
        LOAD_FILE(
            '/Users/chrisley/Documents/Development/React/proyecto-final-bd-avanzadas/database/mock/videos/series/got_s1e2.mp4'
        ),
        '56 minutos',
        1,
        2,
        LOAD_FILE(
            '/Users/chrisley/Documents/Development/React/proyecto-final-bd-avanzadas/database/mock/imagenes/Portada/capcover/got_cap_cover.jpg'
        )
    );
INSERT INTO Capitulo (
        Id_Serie,
        CAP_Source,
        CAP_Duracion,
        CAP_Temporada,
        CAP_Number,
        CAP_Cover
    )
VALUES (
        3,
        LOAD_FILE(
            '/Users/chrisley/Documents/Development/React/proyecto-final-bd-avanzadas/database/mock/videos/series/stranger_things_s1e1.mp4'
        ),
        '47 minutos',
        1,
        1,
        LOAD_FILE(
            '/Users/chrisley/Documents/Development/React/proyecto-final-bd-avanzadas/database/mock/imagenes/Portada/capcover/stranger_things_cap_cover.jpg'
        )
    );
INSERT INTO Capitulo (
        Id_Serie,
        CAP_Source,
        CAP_Duracion,
        CAP_Temporada,
        CAP_Number,
        CAP_Cover
    )
VALUES (
        3,
        LOAD_FILE(
            '/Users/chrisley/Documents/Development/React/proyecto-final-bd-avanzadas/database/mock/videos/series/stranger_things_s1e2.mp4'
        ),
        '55 minutos',
        1,
        2,
        LOAD_FILE(
            '/Users/chrisley/Documents/Development/React/proyecto-final-bd-avanzadas/database/mock/imagenes/Portada/capcover/stranger_things_cap_cover.jpg'
        )
    );
INSERT INTO Capitulo (
        Id_Serie,
        CAP_Source,
        CAP_Duracion,
        CAP_Temporada,
        CAP_Number,
        CAP_Cover
    )
VALUES (
        4,
        LOAD_FILE(
            '/Users/chrisley/Documents/Development/React/proyecto-final-bd-avanzadas/database/mock/videos/series/the_crown_s1e1.mp4'
        ),
        '58 minutos',
        1,
        1,
        LOAD_FILE(
            '/Users/chrisley/Documents/Development/React/proyecto-final-bd-avanzadas/database/mock/imagenes/Portada/capcover/the_crown_cap_cover.jpg'
        )
    );
INSERT INTO Capitulo (
        Id_Serie,
        CAP_Source,
        CAP_Duracion,
        CAP_Temporada,
        CAP_Number,
        CAP_Cover
    )
VALUES (
        4,
        LOAD_FILE(
            '/Users/chrisley/Documents/Development/React/proyecto-final-bd-avanzadas/database/mock/videos/series/the_crown_s1e2.mp4'
        ),
        '61 minutos',
        1,
        2,
        LOAD_FILE(
            '/Users/chrisley/Documents/Development/React/proyecto-final-bd-avanzadas/database/mock/imagenes/Portada/capcover/the_crown_cap_cover.jpg'
        )
    );
INSERT INTO Capitulo (
        Id_Serie,
        CAP_Source,
        CAP_Duracion,
        CAP_Temporada,
        CAP_Number,
        CAP_Cover
    )
VALUES (
        5,
        LOAD_FILE(
            '/Users/chrisley/Documents/Development/React/proyecto-final-bd-avanzadas/database/mock/videos/series/the_mandalorian_s1e1.mp4'
        ),
        '39 minutos',
        1,
        1,
        LOAD_FILE(
            '/Users/chrisley/Documents/Development/React/proyecto-final-bd-avanzadas/database/mock/imagenes/Portada/capcover/the_mandaloria_cap_cover.jpg'
        )
    );
INSERT INTO Capitulo (
        Id_Serie,
        CAP_Source,
        CAP_Duracion,
        CAP_Temporada,
        CAP_Number,
        CAP_Cover
    )
VALUES (
        5,
        LOAD_FILE(
            '/Users/chrisley/Documents/Development/React/proyecto-final-bd-avanzadas/database/mock/videos/series/the_mandalorian_s1e2.mp4'
        ),
        '42 minutos',
        1,
        2,
        LOAD_FILE(
            '/Users/chrisley/Documents/Development/React/proyecto-final-bd-avanzadas/database/mock/imagenes/Portada/capcover/the_mandaloria_cap_cover.jpg'
        )
    );
INSERT INTO Historial (Id_Perfil, Id_Contenido)
VALUES (1, 6);
INSERT INTO Historial (Id_Perfil, Id_Contenido)
VALUES (1, 1);
INSERT INTO Historial (Id_Perfil, Id_Contenido)
VALUES (2, 7);
INSERT INTO Historial (Id_Perfil, Id_Contenido)
VALUES (2, 2);
INSERT INTO Historial (Id_Perfil, Id_Contenido)
VALUES (3, 8);
INSERT INTO Historial (Id_Perfil, Id_Contenido)
VALUES (3, 3);
INSERT INTO Historial (Id_Perfil, Id_Contenido)
VALUES (4, 9);
INSERT INTO Historial (Id_Perfil, Id_Contenido)
VALUES (4, 1);
INSERT INTO Historial (Id_Perfil, Id_Contenido)
VALUES (5, 10);
INSERT INTO Historial (Id_Perfil, Id_Contenido)
VALUES (5, 2);
INSERT INTO Historial (Id_Perfil, Id_Contenido)
VALUES (6, 6);
INSERT INTO Historial (Id_Perfil, Id_Contenido)
VALUES (6, 3);
INSERT INTO Historial (Id_Perfil, Id_Contenido)
VALUES (7, 7);
INSERT INTO Historial (Id_Perfil, Id_Contenido)
VALUES (7, 1);
INSERT INTO Historial (Id_Perfil, Id_Contenido)
VALUES (8, 8);
INSERT INTO Historial (Id_Perfil, Id_Contenido)
VALUES (8, 2);
INSERT INTO Historial (Id_Perfil, Id_Contenido)
VALUES (9, 9);
INSERT INTO Historial (Id_Perfil, Id_Contenido)
VALUES (9, 3);
INSERT INTO Historial (Id_Perfil, Id_Contenido)
VALUES (10, 10);
INSERT INTO Historial (Id_Perfil, Id_Contenido)
VALUES (10, 1);